severity,code,date,match,match_id,detail,source_filename
WARNING,BRANN_STARTERS_NOT_11,1911-06-21,Brann-Bergens Sportsklub 8-0,70cf1b3a-5589-4a56-83cd-68c0ad6039e1,"Brann har 0 registrerte startere, ikke 11.",1911-06-21_brann-bergen-sportsklubb.json
WARNING,BRANN_STARTERS_NOT_11,1911-06-25,Bergen Fodboldklub-Brann 3-3,d60401bf-264a-4376-b448-be7f887927ca,"Brann har 0 registrerte startere, ikke 11.",1911-06-25_bergen-fodboldklub-brann.json
WARNING,BRANN_STARTERS_NOT_11,1911-06-29,Brann-TIF Viking 4-1,3f0baa09-6c7e-4ba8-8690-a323b484b1e2,"Brann har 0 registrerte startere, ikke 11.",1911-06-29_brann-viking-bergen.json
WARNING,BRANN_STARTERS_NOT_11,1911-08-20,TIF Viking-Brann 1-6,01119e61-bf38-43b4-af8a-2f193c335278,"Brann har 0 registrerte startere, ikke 11.",1911-08-20_viking-bergen-brann.json
WARNING,BRANN_STARTERS_NOT_11,1911-09-03,Bergens Sportsklub-Brann 2-5,f1c38376-27ff-4d20-9c4b-182dce1b6b7f,"Brann har 0 registrerte startere, ikke 11.",1911-09-03_bergen-sportsklubb-brann.json
WARNING,BRANN_STARTERS_NOT_11,1911-09-10,Bergen Fodboldklub-Brann 4-2,99ee05ba-e5d9-43ad-811f-0877814d5959,"Brann har 0 registrerte startere, ikke 11.",1911-09-10_bergen-fodboldklub-brann.json
WARNING,BRANN_STARTERS_NOT_11,1912-05-05,Bergens Sportsklub-Brann 4-3,e59f4417-e395-433a-835e-fe6a414617d1,"Brann har 2 registrerte startere, ikke 11.",1912-05-05_bergen-sportsklubb-brann.json
WARNING,BRANN_STARTERS_NOT_11,1912-09-08,TIF Viking-Brann 0-9,aa0e0b42-e342-460d-9b92-b0428b13b8ba,"Brann har 0 registrerte startere, ikke 11.",1912-09-08_viking-bergen-brann.json
WARNING,BRANN_STARTERS_NOT_11,1912-09-15,Brann-Bergens Sportsklub 6-0,5654bda7-b48f-4d6b-922a-638572b09d34,"Brann har 0 registrerte startere, ikke 11.",1912-09-15_brann-bergen-sportsklubb.json
WARNING,BRANN_STARTERS_NOT_11,1912-09-22,Brann-Stavanger 2-8,b42422a9-e9b2-44f0-a94f-3dce5dfd6c61,"Brann har 7 registrerte startere, ikke 11.",1912-09-22_brann-stavanger.json
WARNING,BRANN_STARTERS_NOT_11,1913-06-08,Brann-TIF Viking 6-0,669033b9-0ed9-4e05-abf9-9eeea9576d8c,"Brann har 0 registrerte startere, ikke 11.",1913-06-08_brann-viking-bergen.json
WARNING,BRANN_STARTERS_NOT_11,1913-06-15,Bergens Sportsklub-Brann 2-5,26ec031b-7233-4bd1-bc26-b86d150f9236,"Brann har 0 registrerte startere, ikke 11.",1913-06-15_bergen-sportsklubb-brann.json
WARNING,BRANN_STARTERS_NOT_11,1913-08-17,Brann-TIF Viking 4-1,8fef73d1-14c3-4a0e-a5b8-eefa512326a7,"Brann har 1 registrerte startere, ikke 11.",1913-08-17_brann-viking-bergen.json
WARNING,BRANN_STARTERS_NOT_11,1913-08-31,Brann-Bergens Sportsklub 2-2,b9d8b212-6cd3-4306-9e8e-c26842b16bef,"Brann har 2 registrerte startere, ikke 11.",1913-08-31_brann-bergen-sportsklubb.json
WARNING,BRANN_STARTERS_NOT_11,1914-05-21,TIF Viking-Brann 0-5,038137f3-75d5-4a6a-952c-a20eb08e80d4,"Brann har 0 registrerte startere, ikke 11.",1914-05-21_viking-bergen-brann.json
WARNING,BRANN_STARTERS_NOT_11,1914-05-24,Brann-Bergens Sportsklub 3-1,4a0bb375-5393-4166-9695-c04e2b88a4a4,"Brann har 9 registrerte startere, ikke 11.",1914-05-24_brann-bergen-sportsklubb.json
WARNING,BRANN_STARTERS_NOT_11,1914-06-28,Brann-Drott 7-3,3297f9e0-1706-4c29-b0b6-f0d805c8d832,"Brann har 5 registrerte startere, ikke 11.",1914-06-28_brann-drott.json
WARNING,BRANN_STARTERS_NOT_11,1914-09-13,Stavanger-Brann 8-1,1743e8ff-c0e5-49a2-a08f-77531741e4ac,"Brann har 2 registrerte startere, ikke 11.",1914-09-13_stavanger-brann.json
WARNING,BRANN_STARTERS_NOT_11,1914-10-04,Bergens Sportsklub-Brann 0-7,11641f8d-8acf-45fb-8e26-7e1ce7868aec,"Brann har 0 registrerte startere, ikke 11.",1914-10-04_bergen-sportsklubb-brann.json
WARNING,BRANN_STARTERS_NOT_11,1915-04-30,Drott-Brann 1-5,10a13020-cf7a-48a0-9062-f4ccc2c64ebb,"Brann har 0 registrerte startere, ikke 11.",1915-04-30_drott-brann.json
WARNING,BRANN_STARTERS_NOT_11,1915-05-09,Brann-Drott 7-0,ef4a954b-6b9d-48eb-be21-95a6259691c9,"Brann har 0 registrerte startere, ikke 11.",1915-05-09_brann-drott.json
WARNING,BRANN_STARTERS_NOT_11,1915-05-16,Brann-Bergens Sportsklub 4-1,5da55141-1234-43cf-bffe-a4604560fdbd,"Brann har 0 registrerte startere, ikke 11.",1915-05-16_brann-bergen-sportsklubb.json
WARNING,BRANN_STARTERS_NOT_11,1915-06-13,Brann-TIF Viking 4-2,a7e08cef-6fa7-4f45-846b-b08e08d84259,"Brann har 0 registrerte startere, ikke 11.",1915-06-13_brann-viking-bergen.json
WARNING,BRANN_STARTERS_NOT_11,1915-08-29,Bergens Sportsklub-Brann 2-6,a3201d41-6ce6-4013-a33a-15a441ba2a32,"Brann har 0 registrerte startere, ikke 11.",1915-08-29_bergen-sportsklubb-brann.json
WARNING,BRANN_STARTERS_NOT_11,1915-09-05,TIF Viking-Brann 4-4,6136d117-cf94-473b-b0fb-d0912a721e30,"Brann har 0 registrerte startere, ikke 11.",1915-09-05_viking-bergen-brann.json
WARNING,BRANN_STARTERS_NOT_11,1915-09-12,Brann-Lyn 3-2,082645c1-461a-4dff-8bea-b9f3d997caca,"Brann har 8 registrerte startere, ikke 11.",1915-09-12_brann-lyn.json
WARNING,BRANN_STARTERS_NOT_11,1915-09-26,Kvik Halden-Brann 8-0,14213df7-9e82-4fd2-9f55-98ac8eb94f64,"Brann har 4 registrerte startere, ikke 11.",1915-09-26_kvik-halden-brann.json
WARNING,BRANN_STARTERS_NOT_11,1916-05-14,Brann-Nornen 8-4,d8ef3106-04fb-4236-bfb4-173fda2ebdff,"Brann har 3 registrerte startere, ikke 11.",1916-05-14_brann-nornen.json
WARNING,BRANN_STARTERS_NOT_11,1916-08-24,Brann-Drott 8-1,ebf96020-f477-443f-b7df-6737293ea29f,"Brann har 0 registrerte startere, ikke 11.",1916-08-24_brann-drott.json
WARNING,BRANN_STARTERS_NOT_11,1916-08-31,Brann-Nornen 10-1,5252fa03-eb61-442b-bbe5-bd8a9823878b,"Brann har 2 registrerte startere, ikke 11.",1916-08-31_brann-nornen.json
WARNING,BRANN_STARTERS_NOT_11,1917-06-13,Brann-Nornen 11-0,253601bf-ad8f-4fba-b891-16acb9eb0fde,"Brann har 10 registrerte startere, ikke 11.",1917-06-13_brann-nornen.json
WARNING,BRANN_STARTERS_NOT_11,1917-06-19,Brann-TIF Viking 12-0,fb29aec6-697f-44d4-927e-315ed2521772,"Brann har 1 registrerte startere, ikke 11.",1917-06-19_brann-viking-bergen.json
WARNING,BRANN_STARTERS_NOT_11,1917-08-12,Vidar-Brann 0-7,901be39e-bc26-4d5c-bdef-8f64da9f57f1,"Brann har 8 registrerte startere, ikke 11.",1917-08-12_vidar-brann.json
WARNING,BRANN_STARTERS_NOT_11,1917-08-26,Aalesund-Brann 0-14,42200bbc-6520-4208-bba9-cabcd6872f0f,"Brann har 7 registrerte startere, ikke 11.",1917-08-26_aalesund-brann.json
WARNING,BRANN_STARTERS_NOT_11,1918-05-12,Brann-Frem 11-0,c660ebfb-3523-4e48-9e16-466e1991ebb3,"Brann har 8 registrerte startere, ikke 11.",1918-05-12_brann-frem.json
WARNING,BRANN_STARTERS_NOT_11,1918-05-28,Brann-Brodd 3-0,e58580fd-b6b8-4b0c-ab65-d0bf4922b4be,"Brann har 5 registrerte startere, ikke 11.",1918-05-28_brann-brodd.json
WARNING,BRANN_STARTERS_NOT_11,1918-09-08,Gjøvik-Lyn-Brann 1-3,dacbcd20-af79-4047-b06e-718bfd634de3,"Brann har 5 registrerte startere, ikke 11.",1918-09-08_gjovik-lyn-brann.json
WARNING,BRANN_STARTERS_NOT_11,1918-10-20,Brann-Frem 6-1,0cf21fb8-d159-4e30-8f16-28915ef57f3b,"Brann har 10 registrerte startere, ikke 11.",1918-10-20_brann-frem.json
WARNING,BRANN_STARTERS_NOT_11,1920-07-01,Brann-Frem 6-0,05bdf3da-b140-48e0-9f30-94f93c44d1ad,"Brann har 6 registrerte startere, ikke 11.",1920-07-01_brann-frem.json
WARNING,BRANN_STARTERS_NOT_11,1920-08-05,Djerv-Brann 0-3,04e9ed87-95fb-4fd4-852c-e9439a0b41e9,"Brann har 4 registrerte startere, ikke 11.",1920-08-05_djerv-brann.json
WARNING,BRANN_STARTERS_NOT_11,1920-09-19,Brann-Viking 6-1,e228a29f-dae6-4afb-b145-c0b6c4900bfd,"Brann har 9 registrerte startere, ikke 11.",1920-09-19_brann-viking.json
WARNING,BRANN_STARTERS_NOT_11,1920-10-03,Frigg-Brann 3-2,04718868-ce4a-41f4-827d-2c073fde9e39,"Brann har 9 registrerte startere, ikke 11.",1920-10-03_frigg-brann.json
WARNING,BRANN_STARTERS_NOT_11,1921-06-10,Djerv-Brann 2-6,627ac85d-775e-478c-ae06-56ea2007cf8c,"Brann har 2 registrerte startere, ikke 11.",1921-06-10_djerv-brann.json
WARNING,BRANN_STARTERS_NOT_11,1921-09-11,Fredrikstad-Brann 1-4,3dbe1265-790d-4fd6-b264-e85d0f1e8430,"Brann har 5 registrerte startere, ikke 11.",1921-09-11_fredrikstad-brann.json
WARNING,BRANN_STARTERS_NOT_11,1922-05-13,Frem-Brann 1-6,2cea5cf6-3fe5-4af1-b95e-b869dc19eb39,"Brann har 3 registrerte startere, ikke 11.",1922-05-13_frem-brann.json
WARNING,BRANN_STARTERS_NOT_11,1922-08-01,Djerv-Brann 2-3,7977796f-0358-482b-bda4-87cb8afc62a4,"Brann har 0 registrerte startere, ikke 11.",1922-08-01_djerv-brann.json
WARNING,BRANN_STARTERS_NOT_11,1923-05-10,Hardy-Brann 1-2,d84bc82c-306a-4427-ae7b-bcadc0a2dc99,"Brann har 0 registrerte startere, ikke 11.",1923-05-10_hardy-brann.json
WARNING,BRANN_STARTERS_NOT_11,1923-06-12,Djerv-Brann 0-9,66dd5102-b3bd-49e0-a1ac-bd34de22e172,"Brann har 8 registrerte startere, ikke 11.",1923-06-12_djerv-brann.json
WARNING,BRANN_STARTERS_NOT_11,1923-06-26,Frem-Brann 0-3,d7a0b1ba-012f-428e-af2e-2464994e3aae,"Brann har 4 registrerte startere, ikke 11.",1923-06-26_frem-brann.json
WARNING,BRANN_STARTERS_NOT_11,1923-09-23,Brann-Kvik (Trondheim) 4-1,b1a5b2a4-9f2f-41a3-a1ce-cfd024a6b337,"Brann har 10 registrerte startere, ikke 11.",1923-09-23_brann-kvik.json
WARNING,BRANN_STARTERS_NOT_11,1924-05-14,Hardy-Brann 0-7,cbddf0c5-d7ec-4a4f-a85b-f9fae3b19c32,"Brann har 7 registrerte startere, ikke 11.",1924-05-14_hardy-brann.json
WARNING,BRANN_STARTERS_NOT_11,1924-06-03,Djerv-Brann 0-4,892c3bef-cc60-4964-a956-19c05eacb578,"Brann har 7 registrerte startere, ikke 11.",1924-06-03_djerv-brann.json
WARNING,BRANN_STARTERS_NOT_11,1924-09-07,Strømsgodset-Brann 0-1,4546670b-44e8-4e90-836f-db4da2d25bd4,"Brann har 9 registrerte startere, ikke 11.",1924-09-07_stromsgodset-brann.json
WARNING,BRANN_STARTERS_NOT_11,1925-06-10,Djerv-Brann 3-0,16015626-9213-482e-8f3e-b7faba9e8e5f,"Brann har 9 registrerte startere, ikke 11.",1925-06-10_djerv-brann.json
WARNING,BRANN_STARTERS_NOT_11,1925-06-17,Brann-Hardy 5-0,60d716d4-7c6f-48c8-840d-b160d86a3656,"Brann har 5 registrerte startere, ikke 11.",1925-06-17_brann-hardy.json
WARNING,BRANN_STARTERS_NOT_11,1926-05-27,Brann-Minde 5-0,0c484767-d550-48d3-9d51-a527bd887f31,"Brann har 4 registrerte startere, ikke 11.",1926-05-27_brann-minde.json
WARNING,BRANN_STARTERS_NOT_11,1926-06-09,Hardy-Brann 1-2,a15d1c5e-4e6b-43c3-b23d-0200e3511a2f,"Brann har 8 registrerte startere, ikke 11.",1926-06-09_hardy-brann.json
WARNING,BRANN_STARTERS_NOT_11,1926-08-06,Brann-Djerv 5-1,0ba4239b-1d22-4bce-a55a-5ec2eecd3b08,"Brann har 8 registrerte startere, ikke 11.",1926-08-06_brann-djerv.json
WARNING,BRANN_STARTERS_NOT_11,1926-08-15,Brann-Brodd 11-0,d00350cd-b317-44ef-af6b-9aa4c57b6406,"Brann har 9 registrerte startere, ikke 11.",1926-08-15_brann-brodd.json
WARNING,BRANN_STARTERS_NOT_11,1926-08-22,Brann-Vard 7-3,c476ebc6-5d0a-47fa-92a3-9042b235c241,"Brann har 7 registrerte startere, ikke 11.",1926-08-22_brann-vard.json
WARNING,BRANN_STARTERS_NOT_11,1926-09-26,Urædd-Brann 1-0,2f0e4274-65ed-4159-9010-f46a7944e597,"Brann har 9 registrerte startere, ikke 11.",1926-09-26_uraedd-brann.json
WARNING,BRANN_STARTERS_NOT_11,1927-05-19,Brann-Minde 12-2,da82cdea-7859-453e-b792-41162df6e703,"Brann har 5 registrerte startere, ikke 11.",1927-05-19_brann-minde.json
WARNING,BRANN_STARTERS_NOT_11,1927-06-02,Brann-Hardy 10-1,fb9d3975-1dc1-4e97-9351-652807ae06b7,"Brann har 10 registrerte startere, ikke 11.",1927-06-02_brann-hardy.json
WARNING,BRANN_STARTERS_NOT_11,1927-06-08,Minde-Brann 2-9,93c6c311-7542-49d8-bb1f-d6c9edd1ed93,"Brann har 10 registrerte startere, ikke 11.",1927-06-08_minde-brann.json
WARNING,BRANN_STARTERS_NOT_11,1927-06-16,Djerv-Brann 1-4,c88997eb-eba1-4144-9de1-7bd960491839,"Brann har 6 registrerte startere, ikke 11.",1927-06-16_djerv-brann.json
WARNING,BRANN_STARTERS_NOT_11,1927-06-23,Brann-Hardy 4-2,89fa87bb-39f5-44c4-a70e-e5604b439f72,"Brann har 7 registrerte startere, ikke 11.",1927-06-23_brann-hardy.json
WARNING,BRANN_STARTERS_NOT_11,1927-06-26,Årstad-Brann 1-4,423087dd-5418-42fc-bd5d-675666f1b1df,"Brann har 7 registrerte startere, ikke 11.",1927-06-26_arstad-brann.json
WARNING,BRANN_STARTERS_NOT_11,1927-08-14,Voss-Brann 2-4,18b4895f-4373-4b61-9cdd-1f9e15dda0a8,"Brann har 6 registrerte startere, ikke 11.",1927-08-14_voss-brann.json
WARNING,BRANN_STARTERS_NOT_11,1928-05-30,Ny-Solheim-Brann 2-4,2154d9f5-4e3a-49af-ad5f-7174c46a007a,"Brann har 6 registrerte startere, ikke 11.",1928-05-30_ny-solheim-brann.json
WARNING,BRANN_STARTERS_NOT_11,1928-06-05,Brann-Årstad 12-0,8f1d4ed6-86bd-4569-91b2-3ca042825ce2,"Brann har 0 registrerte startere, ikke 11.",1928-06-05_brann-arstad.json
WARNING,BRANN_STARTERS_NOT_11,1928-06-20,Minde-Brann 3-1,037aea2f-aea2-4a3f-be9c-fcfccccd9c1b,"Brann har 4 registrerte startere, ikke 11.",1928-06-20_minde-brann.json
WARNING,BRANN_STARTERS_NOT_11,1928-08-06,Brann-Ny-Solheim 8-0,45d38d17-d3df-4230-be53-388e91fcf294,"Brann har 5 registrerte startere, ikke 11.",1928-08-06_brann-ny-solheim.json
WARNING,BRANN_STARTERS_NOT_11,1928-08-08,Brann-Hardy 6-3,003a409d-873c-40d5-b088-aa21dfd6506b,"Brann har 1 registrerte startere, ikke 11.",1928-08-08_brann-hardy.json
WARNING,BRANN_STARTERS_NOT_11,1928-08-12,Brann-Trygg/Oslo 3-1,6d303ce4-a820-4275-9fdf-16c006c0d812,"Brann har 9 registrerte startere, ikke 11.",1928-08-12_brann-trygg-oslo.json
WARNING,BRANN_STARTERS_NOT_11,1928-09-23,Sarpsborg FK-Brann 2-1,48720cfc-b26f-4918-af94-19287b947136,"Brann har 8 registrerte startere, ikke 11.",1928-09-23_sarpsborg-fk-brann.json
WARNING,BRANN_STARTERS_NOT_11,1929-06-20,Brann-Minde 2-1,765b31d2-4cae-4b3f-b0ae-d38ae9f4fcb6,"Brann har 9 registrerte startere, ikke 11.",1929-06-20_brann-minde.json
WARNING,BRANN_STARTERS_NOT_11,1929-07-04,Brann-Årstad 5-1,7ae2c9a6-45ce-4cfb-aeab-333f3140e9d6,"Brann har 10 registrerte startere, ikke 11.",1929-07-04_brann-arstad.json
WARNING,BRANN_STARTERS_NOT_11,1929-08-25,Brann-Lisleby 6-2,287cdcbe-be5f-459b-9335-ab6a54295246,"Brann har 10 registrerte startere, ikke 11.",1929-08-25_brann-lisleby.json
WARNING,BRANN_STARTERS_NOT_11,1930-05-22,Brann-Djerv 3-1,6f5ce741-4717-46a4-95ee-d60a67ed5405,"Brann har 9 registrerte startere, ikke 11.",1930-05-22_brann-djerv.json
WARNING,BRANN_STARTERS_NOT_11,1930-06-20,Brann-Årstad 9-0,371a101c-0a6d-4db3-abe3-6d646ef6481f,"Brann har 9 registrerte startere, ikke 11.",1930-06-20_brann-arstad.json
WARNING,BRANN_STARTERS_NOT_11,1930-08-06,Ny-Solheim-Brann 0-3,c6450ffb-af4e-4455-8eff-ca116ce5237b,"Brann har 9 registrerte startere, ikke 11.",1930-08-06_ny-solheim-brann.json
WARNING,BRANN_STARTERS_NOT_11,1930-08-10,Brann-Voss 8-0,7d8be763-a24c-4365-aac5-5112f40f8407,"Brann har 9 registrerte startere, ikke 11.",1930-08-10_brann-voss.json
WARNING,BRANN_STARTERS_NOT_11,1930-08-30,Minde-Brann 1-10,2052e8af-e57c-4b51-9db3-d0203c03163f,"Brann har 7 registrerte startere, ikke 11.",1930-08-30_minde-brann.json
WARNING,BRANN_STARTERS_NOT_11,1930-09-28,Brann-Hardy 9-0,e78574b6-1eb3-424a-ab06-b9fd9c4adf02,"Brann har 8 registrerte startere, ikke 11.",1930-09-28_brann-hardy.json
WARNING,BRANN_STARTERS_NOT_11,1930-10-12,Djerv-Brann 2-3,550d4182-bab2-4541-bec6-f368bebc2920,"Brann har 9 registrerte startere, ikke 11.",1930-10-12_djerv-brann.json
WARNING,BRANN_STARTERS_NOT_11,1931-05-21,Brann-Ny-Solheim 5-0,70c82234-9047-4600-82ea-7acd55b434e9,"Brann har 2 registrerte startere, ikke 11.",1931-05-21_brann-ny-solheim.json
WARNING,BRANN_STARTERS_NOT_11,1931-06-11,Brann-Minde 6-1,07448f9b-0f50-40e9-bf40-d21ca2c19523,"Brann har 4 registrerte startere, ikke 11.",1931-06-11_brann-minde.json
WARNING,BRANN_STARTERS_NOT_11,1931-06-25,Hardy-Brann 1-3,6e861e81-b4d7-477d-8eb6-07dafcdb44c1,"Brann har 7 registrerte startere, ikke 11.",1931-06-25_hardy-brann.json
WARNING,BRANN_STARTERS_NOT_11,1931-08-09,Brann-Høyanger 7-0,b9d8eda1-cc60-4431-86ae-51dbbdd25d1f,"Brann har 10 registrerte startere, ikke 11.",1931-08-09_brann-hoyanger.json
WARNING,BRANN_STARTERS_NOT_11,1931-08-12,Årstad-Brann 1-3,7a964aee-fd12-41fc-bdc5-cf1f983cba0e,"Brann har 3 registrerte startere, ikke 11.",1931-08-12_arstad-brann.json
WARNING,BRANN_STARTERS_NOT_11,1932-08-14,Brann-Jevnaker 9-0,92839fe1-b7f9-426a-bdb1-ce1a4a240507,"Brann har 7 registrerte startere, ikke 11.",1932-08-14_brann-jevnaker.json
WARNING,BRANN_STARTERS_NOT_11,1932-08-17,Brann-Hardy 4-1,a0224c42-4d17-4a04-bc03-42dfbcd2de9f,"Brann har 8 registrerte startere, ikke 11.",1932-08-17_brann-hardy.json
WARNING,BRANN_STARTERS_NOT_11,1932-09-18,Brann-Hardy 1-0,605dcf8e-1cb8-4930-bfb1-3752f577d367,"Brann har 9 registrerte startere, ikke 11.",1932-09-18_brann-hardy.json
WARNING,BRANN_STARTERS_NOT_11,1933-05-19,Brann-Minde 4-1,e42e2063-bb31-4e69-9501-44fb322d13ca,"Brann har 0 registrerte startere, ikke 11.",1933-05-19_brann-minde.json
WARNING,BRANN_STARTERS_NOT_11,1933-06-15,Brann-Ny-Solheim 2-0,1b7009dd-5fbf-426f-a6bc-b4d77a4a64a0,"Brann har 0 registrerte startere, ikke 11.",1933-06-15_brann-ny-solheim.json
WARNING,BRANN_STARTERS_NOT_11,1933-06-21,Årstad-Brann 1-1,761dc0ed-cc30-4f21-8d4c-9c6d3b0885f2,"Brann har 4 registrerte startere, ikke 11.",1933-06-21_arstad-brann.json
WARNING,BRANN_STARTERS_NOT_11,1933-06-28,Brann-Hardy 2-2,0ab6cc5c-6034-4c2c-ac36-b1e6c800d7b1,"Brann har 10 registrerte startere, ikke 11.",1933-06-28_brann-hardy.json
WARNING,BRANN_STARTERS_NOT_11,1934-05-02,Minde-Brann 0-7,899cf1e0-42b4-455a-b1f6-fc316c70d159,"Brann har 9 registrerte startere, ikke 11.",1934-05-02_minde-brann.json
WARNING,BRANN_STARTERS_NOT_11,1934-05-24,Brann-Årstad 4-1,bcc20685-a0ca-41ae-9a16-ab32607b5dab,"Brann har 7 registrerte startere, ikke 11.",1934-05-24_brann-arstad.json
WARNING,BRANN_STARTERS_NOT_11,1934-06-12,Brann-Djerv 2-0,23c3b7dc-8300-43ef-a8a2-816c10a392b9,"Brann har 7 registrerte startere, ikke 11.",1934-06-12_brann-djerv.json
WARNING,BRANN_STARTERS_NOT_11,1934-06-20,Brann-Hardy 2-1,2a1b4578-50e2-443a-ac7b-2fad27117d24,"Brann har 10 registrerte startere, ikke 11.",1934-06-20_brann-hardy.json
WARNING,BRANN_STARTERS_NOT_11,1934-08-03,Ny-Solheim-Brann 1-8,a9b4cb26-a670-4056-808f-565396edac6c,"Brann har 2 registrerte startere, ikke 11.",1934-08-03_ny-solheim-brann.json
WARNING,BRANN_STARTERS_NOT_11,1934-08-19,Brann-Dæhlenengen 0-1,7e0f187b-f486-4e7a-b566-76ba5559ce7e,"Brann har 10 registrerte startere, ikke 11.",1934-08-19_brann-daehlenengen.json
WARNING,BRANN_STARTERS_NOT_11,1935-05-09,Brann-Ny-Solheim 3-0,e8b2cf7e-ccac-4913-9c56-f3940658a6b4,"Brann har 8 registrerte startere, ikke 11.",1935-05-09_brann-ny-solheim.json
WARNING,BRANN_STARTERS_NOT_11,1935-05-22,Brann-Hardy 3-0,58877435-c4a0-4173-ba0a-6d375bb80971,"Brann har 9 registrerte startere, ikke 11.",1935-05-22_brann-hardy.json
WARNING,BRANN_STARTERS_NOT_11,1935-06-12,Brann-Djerv 2-4,2a52583f-b31a-4169-bedf-9892594448f5,"Brann har 9 registrerte startere, ikke 11.",1935-06-12_brann-djerv.json
WARNING,BRANN_STARTERS_NOT_11,1935-06-19,Brann-Minde 8-1,52ba0a63-1ac5-478a-b41d-222a9df35d7a,"Brann har 7 registrerte startere, ikke 11.",1935-06-19_brann-minde.json
WARNING,BRANN_STARTERS_NOT_11,1935-07-24,Brann-Fjell 5-0,4d6d0a84-b962-42fe-94a4-1db8841bf7ab,"Brann har 4 registrerte startere, ikke 11.",1935-07-24_brann-fjell.json
WARNING,BRANN_STARTERS_NOT_11,1935-08-04,Brann-Minde 9-1,ee9afb44-76cf-42b8-82ae-10c83cd8d816,"Brann har 8 registrerte startere, ikke 11.",1935-08-04_brann-minde.json
WARNING,BRANN_STARTERS_NOT_11,1935-08-07,Frøya-Brann 1-2,c425513d-9b0a-4f20-b2dd-9d6ae89fb0b5,"Brann har 7 registrerte startere, ikke 11.",1935-08-07_froya-brann.json
WARNING,BRANN_STARTERS_NOT_11,1936-05-07,Brann-Frøya 5-0,df228c70-ffc9-4955-bd42-9fa45a8ca465,"Brann har 6 registrerte startere, ikke 11.",1936-05-07_brann-froya.json
WARNING,BRANN_STARTERS_NOT_11,1936-05-14,Brann-Årstad 0-0,878371d0-fb5d-4098-b46b-027bdc8199e4,"Brann har 1 registrerte startere, ikke 11.",1936-05-14_brann-arstad.json
WARNING,BRANN_STARTERS_NOT_11,1936-05-26,Brann-Hardy 0-3,f8ebf1fd-9ca7-4299-8b91-971a992cc548,"Brann har 7 registrerte startere, ikke 11.",1936-05-26_brann-hardy.json
WARNING,BRANN_STARTERS_NOT_11,1936-06-25,Brann-Minde 4-0,a44236ee-ba97-4274-9f0f-cb3dcf3146b9,"Brann har 6 registrerte startere, ikke 11.",1936-06-25_brann-minde.json
WARNING,BRANN_STARTERS_NOT_11,1936-08-12,Viggo-Brann 1-7,2c325e25-cbc7-4ff7-8a80-73117b1695a7,"Brann har 6 registrerte startere, ikke 11.",1936-08-12_viggo-brann.json
WARNING,BRANN_STARTERS_NOT_11,1936-08-30,Strømsgodset-Brann 2-0,e2725586-ba2f-4f71-97a3-147b0590a5b9,"Brann har 10 registrerte startere, ikke 11.",1936-08-30_stromsgodset-brann.json
WARNING,BRANN_STARTERS_NOT_11,1937-05-06,Brann-Årstad 1-1,e7db5c2b-a5db-4277-9826-cdcf0e955b39,"Brann har 7 registrerte startere, ikke 11.",1937-05-06_brann-arstad.json
WARNING,BRANN_STARTERS_NOT_11,1937-05-20,Brann-Hardy 3-2,eb3baea7-969a-48d0-8280-dfa477dd1c0a,"Brann har 10 registrerte startere, ikke 11.",1937-05-20_brann-hardy.json
WARNING,BRANN_STARTERS_NOT_11,1937-06-01,Brann-Årstad 2-1,a35b76c6-8892-41e2-8761-00a1f74d39dd,"Brann har 10 registrerte startere, ikke 11.",1937-06-01_brann-arstad.json
WARNING,BRANN_STARTERS_NOT_11,1937-06-06,Høyanger-Brann 1-7,2c60460a-7400-4afe-9cf7-4e9e0d4f8726,"Brann har 6 registrerte startere, ikke 11.",1937-06-06_hoyanger-brann.json
WARNING,BRANN_STARTERS_NOT_11,1937-06-21,Brann-Årstad 9-0,9a39c992-4f63-415a-bb22-86dbff100ecd,"Brann har 9 registrerte startere, ikke 11.",1937-06-21_brann-arstad.json
WARNING,BRANN_STARTERS_NOT_11,1937-06-27,Viking-Brann 3-2,4eba362e-060b-4828-a08f-2c9b476e6566,"Brann har 10 registrerte startere, ikke 11.",1937-06-27_viking-brann.json
WARNING,BRANN_STARTERS_NOT_11,1937-07-02,Djerv-Brann 1-2,a18eb261-47b1-4346-a3e1-1c8a8dd34857,"Brann har 9 registrerte startere, ikke 11.",1937-07-02_djerv-brann.json
WARNING,BRANN_STARTERS_NOT_11,1937-08-03,Brann-Djerv 1-2,33ba0aa8-9d9b-4dac-afef-89b73efcf321,"Brann har 10 registrerte startere, ikke 11.",1937-08-03_brann-djerv.json
WARNING,BRANN_STARTERS_NOT_11,1937-08-12,Viggo-Brann 1-1,c7b01d62-060c-43e4-a037-6a827b3c5e0b,"Brann har 6 registrerte startere, ikke 11.",1937-08-12_viggo-brann.json
WARNING,BRANN_STARTERS_NOT_11,1937-08-24,Brann-Årstad 3-2,213c92ae-1d61-44b4-ba11-486e78f09500,"Brann har 9 registrerte startere, ikke 11.",1937-08-24_brann-arstad.json
WARNING,BRANN_STARTERS_NOT_11,1937-09-05,Brann-Minde 6-3,bd71852e-5315-4a73-b202-faec174d3e59,"Brann har 5 registrerte startere, ikke 11.",1937-09-05_brann-minde.json
WARNING,BRANN_STARTERS_NOT_11,1937-09-12,Hardy-Brann 3-2,02342afe-e097-474b-b61d-b00594d3c76c,"Brann har 4 registrerte startere, ikke 11.",1937-09-12_hardy-brann.json
WARNING,BRANN_STARTERS_NOT_11,1937-09-19,Brann-Djerv 1-6,850cb350-599f-46f8-bca7-4b5d7b9d68a0,"Brann har 8 registrerte startere, ikke 11.",1937-09-19_brann-djerv.json
WARNING,BRANN_STARTERS_NOT_11,1937-10-03,Brann-Viggo 6-0,6cef51ea-7778-43e3-a4c1-c70424c71802,"Brann har 7 registrerte startere, ikke 11.",1937-10-03_brann-viggo.json
WARNING,BRANN_STARTERS_NOT_11,1938-05-02,Minde-Brann 2-4,b863376e-7fcb-4064-baaf-9b5666b6fb51,"Brann har 10 registrerte startere, ikke 11.",1938-05-02_minde-brann.json
WARNING,BRANN_STARTERS_NOT_11,1938-05-28,Brann-Årstad 5-0,c7ad4cf9-4c58-43c4-9bfc-17d29e5607df,"Brann har 6 registrerte startere, ikke 11.",1938-05-28_brann-arstad.json
WARNING,BRANN_STARTERS_NOT_11,1938-06-12,Brann-Minde 4-0,c3ba8602-a76f-4c73-8f64-46cacf6e4ecd,"Brann har 5 registrerte startere, ikke 11.",1938-06-12_brann-minde.json
WARNING,BRANN_STARTERS_NOT_11,1938-07-03,Brann-Skeid 1-8,f101661b-123a-4f4f-ac5e-29d707c7e806,"Brann har 10 registrerte startere, ikke 11.",1938-07-03_brann-skeid.json
WARNING,BRANN_STARTERS_NOT_11,1938-08-10,Hardy-Brann 4-2,6696885b-b3bc-4dd0-9dc7-356aa1d0e089,"Brann har 7 registrerte startere, ikke 11.",1938-08-10_hardy-brann.json
WARNING,BRANN_STARTERS_NOT_11,1938-08-16,Brann-Årstad 2-1,682b0047-bdff-4f10-89a9-93b9f4ade306,"Brann har 4 registrerte startere, ikke 11.",1938-08-16_brann-arstad.json
WARNING,BRANN_STARTERS_NOT_11,1938-08-31,Brann-Djerv 2-2,894556a3-16d5-41ed-97f5-545dc1fc2fb3,"Brann har 8 registrerte startere, ikke 11.",1938-08-31_brann-djerv.json
WARNING,BRANN_STARTERS_NOT_11,1938-09-24,Brann-Hardy 0-3,1b0bcf6c-3654-4fdd-8214-9c43440be30e,"Brann har 6 registrerte startere, ikke 11.",1938-09-24_brann-hardy.json
WARNING,BRANN_STARTERS_NOT_11,1938-10-09,Brann-Årstad 1-1,dd62dc78-3c58-482d-a4b1-49fd04928adc,"Brann har 7 registrerte startere, ikke 11.",1938-10-09_brann-arstad.json
WARNING,BRANN_STARTERS_NOT_11,1939-05-10,Brann-Viggo 1-0,4472bace-bda5-422b-a744-beaa1213c8e9,"Brann har 5 registrerte startere, ikke 11.",1939-05-10_brann-viggo.json
WARNING,BRANN_STARTERS_NOT_11,1939-05-22,Viggo-Brann 0-2,b0276c37-eb6f-49b7-97e2-90a2edbb2b24,"Brann har 7 registrerte startere, ikke 11.",1939-05-22_viggo-brann.json
WARNING,BRANN_STARTERS_NOT_11,1939-05-26,Brann-Djerv 1-4,4674ed74-54e2-4ce2-bad1-eef2d277d411,"Brann har 8 registrerte startere, ikke 11.",1939-05-26_brann-djerv.json
WARNING,BRANN_STARTERS_NOT_11,1939-06-11,Djerv 1919-Brann 4-3,6074d116-ebbd-437a-8cc1-e82b3f9b815b,"Brann har 6 registrerte startere, ikke 11.",1939-06-11_djerv-1919-brann.json
WARNING,BRANN_STARTERS_NOT_11,1939-08-02,Pallas-Brann 0-2,54af51a2-b20c-4bef-9c22-e2275a902c89,"Brann har 6 registrerte startere, ikke 11.",1939-08-02_pallas-brann.json
WARNING,BRANN_STARTERS_NOT_11,1939-08-15,Brann-Djerv 3-1,16252653-14e7-438a-b9c4-b0d64b40e76b,"Brann har 7 registrerte startere, ikke 11.",1939-08-15_brann-djerv.json
WARNING,BRANN_STARTERS_NOT_11,1939-08-30,Brann-Årstad 1-2,e0d17060-81ee-4a6a-b67d-6098eaa8dea9,"Brann har 7 registrerte startere, ikke 11.",1939-08-30_brann-arstad.json
WARNING,BRANN_STARTERS_NOT_11,1939-09-10,Voss-Brann 5-0,2c01c89f-1616-497a-841c-38847331e294,"Brann har 4 registrerte startere, ikke 11.",1939-09-10_voss-brann.json
WARNING,BRANN_STARTERS_NOT_11,1939-09-17,Brann-Pallas 4-5,e6895870-98d0-48a5-a84d-a343d0de0eac,"Brann har 7 registrerte startere, ikke 11.",1939-09-17_brann-pallas.json
WARNING,BRANN_STARTERS_NOT_11,1939-10-08,Brann-Djerv 4-1,5cd29d66-534f-4de6-aa63-abd0b2ea0a38,"Brann har 8 registrerte startere, ikke 11.",1939-10-08_brann-djerv.json
WARNING,BRANN_STARTERS_NOT_11,1939-10-15,Hardy-Brann 2-1,fc28082f-ed2d-41f4-8175-f95d5a9d45b8,"Brann har 7 registrerte startere, ikke 11.",1939-10-15_hardy-brann.json
WARNING,BRANN_STARTERS_NOT_11,1940-08-04,Brann-Hird 6-0,ed25f12b-5062-476d-925b-1a8c32c76c31,"Brann har 8 registrerte startere, ikke 11.",1940-08-04_brann-hird.json
WARNING,BRANN_STARTERS_NOT_11,1940-08-06,Brann-Pallas 3-0,134875ac-2516-4b15-982a-54a24cb9656e,"Brann har 9 registrerte startere, ikke 11.",1940-08-06_brann-pallas.json
WARNING,BRANN_STARTERS_NOT_11,1940-09-04,Brann-Årstad 1-0,b4291edb-4abd-456f-a239-066270e3b7a5,"Brann har 8 registrerte startere, ikke 11.",1940-09-04_brann-arstad.json
WARNING,BRANN_STARTERS_NOT_11,1940-09-08,Brann-Moss 0-7,eb9ce0bd-24fc-42b7-a937-e0bf651b8a4e,"Brann har 8 registrerte startere, ikke 11.",1940-09-08_brann-moss.json
WARNING,BRANN_STARTERS_NOT_11,1940-09-29,Hardy-Brann 6-3,46d4f237-a711-4af5-ad7a-4a5a5b86ac26,"Brann har 10 registrerte startere, ikke 11.",1940-09-29_hardy-brann.json
WARNING,BRANN_STARTERS_NOT_11,1940-10-06,Brann-Djerv 5-2,4ce77e1b-7e39-4baa-a185-05df5e910ffa,"Brann har 10 registrerte startere, ikke 11.",1940-10-06_brann-djerv.json
WARNING,BRANN_STARTERS_NOT_11,1940-10-13,Brann-Årstad 4-1,9df7ed8a-33db-4083-b507-3a728c5e2b04,"Brann har 9 registrerte startere, ikke 11.",1940-10-13_brann-arstad.json
WARNING,BRANN_STARTERS_NOT_11,1945-07-31,Brann-Nymark 4-0,0177aee1-00bd-4cdf-9721-a4bf8e4bb61c,"Brann har 4 registrerte startere, ikke 11.",1945-07-31_brann-nymark.json
WARNING,BRANN_STARTERS_NOT_11,1945-08-12,Brann-Florvåg 7-0,b90a86b4-6dbf-4eb2-bccd-2726d2b4779d,"Brann har 6 registrerte startere, ikke 11.",1945-08-12_brann-florvag.json
WARNING,BRANN_STARTERS_NOT_11,1945-08-14,Hardy-Brann 0-0,41cc2d09-e742-49de-90ed-d00ac39a6614,"Brann har 6 registrerte startere, ikke 11.",1945-08-14_hardy-brann.json
WARNING,BRANN_STARTERS_NOT_11,1945-08-19,Djerv 1919-Brann 2-0,675c0a1c-9450-436f-b54a-8ddd2308c1a2,"Brann har 5 registrerte startere, ikke 11.",1945-08-19_djerv-1919-brann.json
WARNING,BRANN_STARTERS_NOT_11,1945-08-23,Brann-Høidekameratene 1-0,014717a5-8137-4393-8c57-7262b4dcaaac,"Brann har 8 registrerte startere, ikke 11.",1945-08-23_brann-hoidekameratene.json
WARNING,BRANN_STARTERS_NOT_11,1945-09-04,Djerv-Brann 2-2,9949ea8e-3ee9-4d4a-a4b2-356840b78b3c,"Brann har 8 registrerte startere, ikke 11.",1945-09-04_djerv-brann.json
WARNING,BRANN_STARTERS_NOT_11,1945-09-30,Brann-Årstad 4-1,cb0673f5-6a94-45d2-9788-159b34a1dcd8,"Brann har 6 registrerte startere, ikke 11.",1945-09-30_brann-arstad.json
WARNING,BRANN_STARTERS_NOT_11,1950-08-13,Vålerenga-Brann 1-0,u548ocwktfdShAy5KigQSq,"Brann har 10 registrerte startere, ikke 11.",1950-08-13_vif-brann.json
WARNING,BRANN_STARTERS_NOT_11,1956-09-06,Nymark-Brann 0-6,EMlANHgCc3HIanJeffJldy,"Brann har 12 registrerte startere, ikke 11.",1956-09-06_nymark-brann.json
WARNING,BRANN_STARTERS_NOT_11,1964-09-02,Brann-Sarpsborg FK 2-0,954a0a63-56ec-5a79-b32f-13e0068ae751,"Brann har 12 registrerte startere, ikke 11.",1964-09-02_brann-sarpsborg-fk.json
WARNING,BRANN_STARTERS_NOT_11,1979-09-09,Start-Brann 1-0,ea3f498e-71df-5cc4-89d0-60de75707f30,"Brann har 10 registrerte startere, ikke 11.",1979-09-09_start-brann.json
WARNING,BRANN_STARTERS_NOT_11,1980-05-15,Brann-Kristiansund FK 2-1,f402dbcf-8a07-4018-97c6-3131b04f1ac6,"Brann har 8 registrerte startere, ikke 11.",1980-05-15_brann-kristiansund-fk.json
WARNING,BRANN_STARTERS_NOT_11,1980-06-18,Brann-Ny-Krohnborg 2-0,c4851a91-1674-4467-8af9-08137a64f3bb,"Brann har 9 registrerte startere, ikke 11.",1980-06-18_brann-ny-krohnborg.json
WARNING,BRANN_STARTERS_NOT_11,1980-07-03,Skarbøvik-Brann 3-5,4f2db538-044c-4bfc-8a38-00a690535065,"Brann har 10 registrerte startere, ikke 11.",1980-07-03_skarbovik-brann.json
WARNING,BRANN_STARTERS_NOT_11,1982-05-24,Brann-Steinkjer 3-2,5b94c7bd-df0e-4e08-82cc-860c8d82ff0e,"Brann har 12 registrerte startere, ikke 11.",1982-05-24_brann-steinkjer.json
WARNING,BRANN_STARTERS_NOT_11,1982-08-02,Brann-Vidar 3-1,94a5dfab-73e6-418f-b6c2-f4bc50f7b5f7,"Brann har 12 registrerte startere, ikke 11.",1982-08-02_brann-vidar.json
WARNING,BRANN_STARTERS_NOT_11,1982-08-25,Brann-Mjøndalen 4-2,7825e902-fb50-42c5-841c-f57cc47cd876,"Brann har 12 registrerte startere, ikke 11.",1982-08-25_brann-mjondalen.json
WARNING,BRANN_STARTERS_NOT_11,1985-05-30,Åsane-Brann 1-2,efd3e6cf-fae3-4227-9669-5c6211ea27e5,"Brann har 13 registrerte startere, ikke 11.",1985-05-30_asane-brann.json
WARNING,BRANN_UNKNOWN_START_STATUS,1974-06-20,Erdal-Brann 0-3,2f318364-db1d-4877-b12a-48aa8b59a648,"Brann-spiller med opptreden, men ukjent startstatus: Ivar Farestvedt",1974-06-20_erdal-brann.json
WARNING,GOAL_MISSING_SCORER,1912-09-08,TIF Viking-Brann 0-9,aa0e0b42-e342-460d-9b92-b0428b13b8ba,"Mal mangler malscorer. Event #0, minutt 3, type goal.",1912-09-08_viking-bergen-brann.json
WARNING,GOAL_MISSING_SCORER,1912-09-08,TIF Viking-Brann 0-9,aa0e0b42-e342-460d-9b92-b0428b13b8ba,"Mal mangler malscorer. Event #1, minutt 8, type goal.",1912-09-08_viking-bergen-brann.json
WARNING,GOAL_MISSING_SCORER,1912-09-08,TIF Viking-Brann 0-9,aa0e0b42-e342-460d-9b92-b0428b13b8ba,"Mal mangler malscorer. Event #2, minutt 13, type goal.",1912-09-08_viking-bergen-brann.json
WARNING,GOAL_MISSING_SCORER,1912-09-08,TIF Viking-Brann 0-9,aa0e0b42-e342-460d-9b92-b0428b13b8ba,"Mal mangler malscorer. Event #3, minutt 31, type goal.",1912-09-08_viking-bergen-brann.json
WARNING,GOAL_MISSING_SCORER,1912-09-08,TIF Viking-Brann 0-9,aa0e0b42-e342-460d-9b92-b0428b13b8ba,"Mal mangler malscorer. Event #4, minutt 42, type goal.",1912-09-08_viking-bergen-brann.json
WARNING,GOAL_MISSING_SCORER,1912-09-08,TIF Viking-Brann 0-9,aa0e0b42-e342-460d-9b92-b0428b13b8ba,"Mal mangler malscorer. Event #5, minutt 44, type goal.",1912-09-08_viking-bergen-brann.json
WARNING,GOAL_MISSING_SCORER,1912-09-08,TIF Viking-Brann 0-9,aa0e0b42-e342-460d-9b92-b0428b13b8ba,"Mal mangler malscorer. Event #6, minutt 56, type goal.",1912-09-08_viking-bergen-brann.json
WARNING,GOAL_MISSING_SCORER,1912-09-08,TIF Viking-Brann 0-9,aa0e0b42-e342-460d-9b92-b0428b13b8ba,"Mal mangler malscorer. Event #7, minutt 62, type goal.",1912-09-08_viking-bergen-brann.json
WARNING,GOAL_MISSING_SCORER,1912-09-08,TIF Viking-Brann 0-9,aa0e0b42-e342-460d-9b92-b0428b13b8ba,"Mal mangler malscorer. Event #8, minutt 80, type goal.",1912-09-08_viking-bergen-brann.json
WARNING,GOAL_MISSING_SCORER,1912-09-22,Brann-Stavanger 2-8,b42422a9-e9b2-44f0-a94f-3dce5dfd6c61,"Mal mangler malscorer. Event #0, minutt 3, type goal.",1912-09-22_brann-stavanger.json
WARNING,GOAL_MISSING_SCORER,1912-09-22,Brann-Stavanger 2-8,b42422a9-e9b2-44f0-a94f-3dce5dfd6c61,"Mal mangler malscorer. Event #2, minutt 34, type penaltyGoal.",1912-09-22_brann-stavanger.json
WARNING,GOAL_MISSING_SCORER,1912-09-22,Brann-Stavanger 2-8,b42422a9-e9b2-44f0-a94f-3dce5dfd6c61,"Mal mangler malscorer. Event #3, minutt 37, type goal.",1912-09-22_brann-stavanger.json
WARNING,GOAL_MISSING_SCORER,1912-09-22,Brann-Stavanger 2-8,b42422a9-e9b2-44f0-a94f-3dce5dfd6c61,"Mal mangler malscorer. Event #4, minutt 40, type goal.",1912-09-22_brann-stavanger.json
WARNING,GOAL_MISSING_SCORER,1912-09-22,Brann-Stavanger 2-8,b42422a9-e9b2-44f0-a94f-3dce5dfd6c61,"Mal mangler malscorer. Event #5, minutt 41, type goal.",1912-09-22_brann-stavanger.json
WARNING,GOAL_MISSING_SCORER,1912-09-22,Brann-Stavanger 2-8,b42422a9-e9b2-44f0-a94f-3dce5dfd6c61,"Mal mangler malscorer. Event #6, minutt 44, type goal.",1912-09-22_brann-stavanger.json
WARNING,GOAL_MISSING_SCORER,1912-09-22,Brann-Stavanger 2-8,b42422a9-e9b2-44f0-a94f-3dce5dfd6c61,"Mal mangler malscorer. Event #7, minutt 48, type goal.",1912-09-22_brann-stavanger.json
WARNING,GOAL_MISSING_SCORER,1912-09-22,Brann-Stavanger 2-8,b42422a9-e9b2-44f0-a94f-3dce5dfd6c61,"Mal mangler malscorer. Event #8, minutt 67, type ownGoal.",1912-09-22_brann-stavanger.json
WARNING,GOAL_MISSING_SCORER,1912-09-22,Brann-Stavanger 2-8,b42422a9-e9b2-44f0-a94f-3dce5dfd6c61,"Mal mangler malscorer. Event #9, minutt 86, type goal.",1912-09-22_brann-stavanger.json
WARNING,GOAL_MISSING_SCORER,1913-09-14,Stavanger-Brann 6-4,ed213730-bf14-40af-93fc-408d37e0d828,"Mal mangler malscorer. Event #5, minutt 58, type goal.",1913-09-14_stavanger-brann.json
WARNING,GOAL_MISSING_SCORER,1913-09-14,Stavanger-Brann 6-4,ed213730-bf14-40af-93fc-408d37e0d828,"Mal mangler malscorer. Event #8, minutt 78, type goal.",1913-09-14_stavanger-brann.json
WARNING,GOAL_MISSING_SCORER,1913-09-14,Stavanger-Brann 6-4,ed213730-bf14-40af-93fc-408d37e0d828,"Mal mangler malscorer. Event #9, minutt 85, type goal.",1913-09-14_stavanger-brann.json
WARNING,GOAL_MISSING_SCORER,1914-09-13,Stavanger-Brann 8-1,1743e8ff-c0e5-49a2-a08f-77531741e4ac,"Mal mangler malscorer. Event #0, minutt 5, type goal.",1914-09-13_stavanger-brann.json
WARNING,GOAL_MISSING_SCORER,1915-09-12,Brann-Lyn 3-2,082645c1-461a-4dff-8bea-b9f3d997caca,"Mal mangler malscorer. Event #1, minutt 49, type goal.",1915-09-12_brann-lyn.json
WARNING,GOAL_MISSING_SCORER,1915-09-12,Brann-Lyn 3-2,082645c1-461a-4dff-8bea-b9f3d997caca,"Mal mangler malscorer. Event #2, minutt 56, type goal.",1915-09-12_brann-lyn.json
WARNING,GOAL_MISSING_SCORER,1915-09-26,Kvik Halden-Brann 8-0,14213df7-9e82-4fd2-9f55-98ac8eb94f64,"Mal mangler malscorer. Event #0, minutt 3, type goal.",1915-09-26_kvik-halden-brann.json
WARNING,GOAL_MISSING_SCORER,1917-08-12,Vidar-Brann 0-7,901be39e-bc26-4d5c-bdef-8f64da9f57f1,"Mal mangler malscorer. Event #6, minutt 87, type penaltyGoal.",1917-08-12_vidar-brann.json
WARNING,GOAL_MISSING_SCORER,1920-08-09,Brann-Vidar 5-1,95408247-bf0e-4c2b-88f5-eeeb1395bb5f,"Mal mangler malscorer. Event #2, minutt 32, type penaltyGoal.",1920-08-09_brann-vidar.json
WARNING,GOAL_MISSING_SCORER,1921-05-25,Hardy-Brann 1-8,5a978c80-ae2f-4512-9985-8c9a9e1eb4ab,"Mal mangler malscorer. Event #3, minutt 32, type goal.",1921-05-25_hardy-brann.json
WARNING,GOAL_MISSING_SCORER,1921-06-22,Frem-Brann 1-5,b2b387d5-4731-47a2-80d6-b8668c7d7604,"Mal mangler malscorer. Event #2, minutt 37, type goal.",1921-06-22_frem-brann.json
WARNING,GOAL_MISSING_SCORER,1921-09-11,Fredrikstad-Brann 1-4,3dbe1265-790d-4fd6-b264-e85d0f1e8430,"Mal mangler malscorer. Event #2, minutt 53, type goal.",1921-09-11_fredrikstad-brann.json
WARNING,GOAL_MISSING_SCORER,1923-09-23,Brann-Kvik (Trondheim) 4-1,b1a5b2a4-9f2f-41a3-a1ce-cfd024a6b337,"Mal mangler malscorer. Event #1, minutt 32, type ownGoal.",1923-09-23_brann-kvik.json
WARNING,GOAL_MISSING_SCORER,1924-08-31,Brann-Frigg 3-2,9a62a148-4c5b-4d60-b947-b43b5dfc82b9,"Mal mangler malscorer. Event #4, minutt 80, type goal.",1924-08-31_brann-frigg.json
WARNING,GOAL_MISSING_SCORER,1926-06-09,Hardy-Brann 1-2,a15d1c5e-4e6b-43c3-b23d-0200e3511a2f,"Mal mangler malscorer. Event #0, minutt 25, type goal.",1926-06-09_hardy-brann.json
WARNING,GOAL_MISSING_SCORER,1926-09-05,Brann-Gjøvik-Lyn 4-1,bb492e0a-12cb-4877-abf8-83134db87ff7,"Mal mangler malscorer. Event #0, minutt 6, type goal.",1926-09-05_brann-gjovik-lyn.json
WARNING,GOAL_MISSING_SCORER,1927-06-02,Brann-Hardy 10-1,fb9d3975-1dc1-4e97-9351-652807ae06b7,"Mal mangler malscorer. Event #7, minutt 75, type goal.",1927-06-02_brann-hardy.json
WARNING,GOAL_MISSING_SCORER,1927-08-21,Brann-Kampørn 3-1,68750390-c19b-492b-91d1-c994a42bf488,"Mal mangler malscorer. Event #0, minutt 20, type goal.",1927-08-21_brann-kamporn.json
WARNING,GOAL_MISSING_SCORER,1928-05-30,Ny-Solheim-Brann 2-4,2154d9f5-4e3a-49af-ad5f-7174c46a007a,"Mal mangler malscorer. Event #0, minutt 23, type penaltyGoal.",1928-05-30_ny-solheim-brann.json
WARNING,GOAL_MISSING_SCORER,1928-05-30,Ny-Solheim-Brann 2-4,2154d9f5-4e3a-49af-ad5f-7174c46a007a,"Mal mangler malscorer. Event #2, minutt 52, type goal.",1928-05-30_ny-solheim-brann.json
WARNING,GOAL_MISSING_SCORER,1928-06-20,Minde-Brann 3-1,037aea2f-aea2-4a3f-be9c-fcfccccd9c1b,"Mal mangler malscorer. Event #3, minutt 85, type goal.",1928-06-20_minde-brann.json
WARNING,GOAL_MISSING_SCORER,1928-08-08,Brann-Hardy 6-3,003a409d-873c-40d5-b088-aa21dfd6506b,"Mal mangler malscorer. Event #1, minutt 30, type goal.",1928-08-08_brann-hardy.json
WARNING,GOAL_MISSING_SCORER,1928-08-08,Brann-Hardy 6-3,003a409d-873c-40d5-b088-aa21dfd6506b,"Mal mangler malscorer. Event #2, minutt 37, type goal.",1928-08-08_brann-hardy.json
WARNING,GOAL_MISSING_SCORER,1929-08-25,Brann-Lisleby 6-2,287cdcbe-be5f-459b-9335-ab6a54295246,"Mal mangler malscorer. Event #2, minutt 23, type goal.",1929-08-25_brann-lisleby.json
WARNING,GOAL_MISSING_SCORER,1929-08-25,Brann-Lisleby 6-2,287cdcbe-be5f-459b-9335-ab6a54295246,"Mal mangler malscorer. Event #7, minutt 84, type goal.",1929-08-25_brann-lisleby.json
WARNING,GOAL_MISSING_SCORER,1929-09-15,Brann-Sarpsborg FK 1-2,a6f197f8-4bfc-4949-a0c6-71c2a5f112b5,"Mal mangler malscorer. Event #1, minutt 57, type goal.",1929-09-15_brann-sarpsborg-fk.json
WARNING,GOAL_MISSING_SCORER,1929-09-15,Brann-Sarpsborg FK 1-2,a6f197f8-4bfc-4949-a0c6-71c2a5f112b5,"Mal mangler malscorer. Event #2, minutt 86, type goal.",1929-09-15_brann-sarpsborg-fk.json
WARNING,GOAL_MISSING_SCORER,1932-05-12,Ny-Solheim-Brann 1-6,03f0b9c3-5784-4936-ae42-bf7bab8e0413,"Mal mangler malscorer. Event #0, minutt 5, type goal.",1932-05-12_ny-solheim-brann.json
WARNING,GOAL_MISSING_SCORER,1934-08-06,Brann-Årstad 4-1,2f95bbc8-fbc6-4bca-a3cd-2f7a6caa8d26,"Mal mangler malscorer. Event #4, minutt 71, type goal.",1934-08-06_brann-arstad.json
WARNING,GOAL_MISSING_SCORER,1936-08-12,Viggo-Brann 1-7,2c325e25-cbc7-4ff7-8a80-73117b1695a7,"Mal mangler malscorer. Event #7, minutt 78, type goal.",1936-08-12_viggo-brann.json
WARNING,GOAL_MISSING_SCORER,1937-06-06,Høyanger-Brann 1-7,2c60460a-7400-4afe-9cf7-4e9e0d4f8726,"Mal mangler malscorer. Event #2, minutt 30, type goal.",1937-06-06_hoyanger-brann.json
WARNING,GOAL_MISSING_SCORER,1937-08-12,Viggo-Brann 1-1,c7b01d62-060c-43e4-a037-6a827b3c5e0b,"Mal mangler malscorer. Event #1, minutt 11, type goal.",1937-08-12_viggo-brann.json
WARNING,GOAL_MISSING_SCORER,1937-08-24,Brann-Årstad 3-2,213c92ae-1d61-44b4-ba11-486e78f09500,"Mal mangler malscorer. Event #2, minutt 44, type goal.",1937-08-24_brann-arstad.json
WARNING,GOAL_MISSING_SCORER,1937-08-24,Brann-Årstad 3-2,213c92ae-1d61-44b4-ba11-486e78f09500,"Mal mangler malscorer. Event #4, minutt 67, type goal.",1937-08-24_brann-arstad.json
WARNING,GOAL_MISSING_SCORER,1938-10-09,Brann-Årstad 1-1,dd62dc78-3c58-482d-a4b1-49fd04928adc,"Mal mangler malscorer. Event #1, minutt 75, type goal.",1938-10-09_brann-arstad.json
WARNING,GOAL_MISSING_SCORER,1939-05-07,Brann-Voss 1-2,e1b802b3-09f1-4d5b-8fd9-8f108df461a4,"Mal mangler malscorer. Event #0, minutt 47, type goal.",1939-05-07_brann-voss.json
WARNING,GOAL_MISSING_SCORER,1939-05-07,Brann-Voss 1-2,e1b802b3-09f1-4d5b-8fd9-8f108df461a4,"Mal mangler malscorer. Event #2, minutt 75, type goal.",1939-05-07_brann-voss.json
WARNING,GOAL_MISSING_SCORER,1939-09-17,Brann-Pallas 4-5,e6895870-98d0-48a5-a84d-a343d0de0eac,"Mal mangler malscorer. Event #8, minutt 89, type goal.",1939-09-17_brann-pallas.json
WARNING,GOAL_MISSING_SCORER,1940-08-04,Brann-Hird 6-0,ed25f12b-5062-476d-925b-1a8c32c76c31,"Mal mangler malscorer. Event #4, minutt 82, type ownGoal.",1940-08-04_brann-hird.json
WARNING,GOAL_MISSING_SCORER,1946-06-02,Brann-Florvåg 8-1,u548ocwktfdShAy5KiipnE,"Mal mangler malscorer. Event #0, minutt 8, type ownGoal.",1946-06-02_brann-florvag.json
WARNING,GOAL_MISSING_SCORER,1946-06-02,Brann-Florvåg 8-1,u548ocwktfdShAy5KiipnE,"Mal mangler malscorer. Event #3, minutt 45, type goal.",1946-06-02_brann-florvag.json
WARNING,GOAL_MISSING_SCORER,1947-05-20,Brann-Varegg 0-1,EMlANHgCc3HIanJeffMeEO,"Mal mangler malscorer. Event #0, minutt 20, type goal.",1947-05-20_brann-varegg.json
WARNING,GOAL_MISSING_SCORER,1947-09-06,Voss-Brann 1-3,cH3036guahcFMGAZTGSWJC,"Mal mangler malscorer. Event #3, minutt 49, type goal.",1947-09-06_voss-brann.json
WARNING,GOAL_MISSING_SCORER,1949-04-30,Skeid-Brann 7-1,u548ocwktfdShAy5Kigjtg,"Mal mangler malscorer. Event #2, minutt 25, type goal.",1949-04-30_skeid-brann.json
WARNING,GOAL_MISSING_SCORER,1949-04-30,Skeid-Brann 7-1,u548ocwktfdShAy5Kigjtg,"Mal mangler malscorer. Event #7, minutt 73, type goal.",1949-04-30_skeid-brann.json
WARNING,GOAL_MISSING_SCORER,1949-09-24,Brann-Årstad 2-0,EMlANHgCc3HIanJeffLV6O,"Mal mangler malscorer. Event #1, minutt 69, type ownGoal.",1949-09-24_brann-arstad.json
WARNING,GOAL_MISSING_SCORER,1950-07-02,Lisleby-Brann 2-3,cH3036guahcFMGAZTGPRZO,"Mal mangler malscorer. Event #4, minutt 43, type goal.",1950-07-02_lisleby-brann.json
WARNING,GOAL_MISSING_SCORER,1954-06-19,Brann-Nymark 3-1,u548ocwktfdShAy5KifDgO,"Mal mangler malscorer. Event #3, minutt 89, type goal.",1954-06-19_brann-nymark.json
WARNING,GOAL_MISSING_SCORER,1954-07-25,Lillestrøm-Brann 6-2,cH3036guahcFMGAZTGNKFC,"Mal mangler malscorer. Event #7, minutt 88, type ownGoal.",1954-07-25_lsk-brann.json
WARNING,GOAL_MISSING_SCORER,1958-08-10,Varegg-Brann 0-4,cH3036guahcFMGAZTGL74g,"Mal mangler malscorer. Event #2, minutt 70, type ownGoal.",1958-08-10_varegg-brann.json
WARNING,GOAL_MISSING_SCORER,1962-04-29,Fredrikstad-Brann 6-3,cH3036guahcFMGAZTFVZLa,"Mal mangler malscorer. Event #3, minutt 37, type ownGoal.",1962-04-29_fredrikstad-brann.json
WARNING,GOAL_MISSING_SCORER,1962-06-07,Varegg-Brann 2-4,EMlANHgCc3HIanJefeufz0,"Mal mangler malscorer. Event #5, minutt 85, type goal.",1962-06-07_varegg-brann.json
WARNING,GOAL_MISSING_SCORER,1968-07-08,Vigør-Brann 1-3,81a2cfac-f4bd-47a8-9d16-054aed8e2c28,"Mal mangler malscorer. Event #0, minutt 20, type ownGoal.",1968-07-08_vigor-brann.json
WARNING,GOAL_MISSING_SCORER,1972-10-11,Sarpsborg FK-Brann 0-2,84789a05-06a5-4975-b329-9c25238ab068,"Mal mangler malscorer. Event #0, minutt 37, type ownGoal.",1972-10-11_sarpsborg-fk-brann.json
WARNING,GOAL_MISSING_SCORER,1974-05-19,Brann-Start 2-2,1a49aff3-7045-53e5-b138-36c9acd6b64e,"Mal mangler malscorer. Event #4, minutt 80, type ownGoal.",1974-05-19_brann-start.json
WARNING,GOAL_MISSING_SCORER,1987-09-19,Brann-HamKam 2-1,ec3b6822-6dca-41f7-a89c-ddb6d7d8e9be,"Mal mangler malscorer. Event #3, minutt 56, type ownGoal.",1987-09-19_brann-hamkam.json
WARNING,GOAL_MISSING_SCORER,1999-05-05,Nordhordland-Brann 0-3,1ef4f327-a8e1-4471-b72f-476811bea6d3,"Mal mangler malscorer. Event #4, minutt 55, type ownGoal.",1999-05-05_nordhordland-brann.json
WARNING,GOAL_MISSING_SCORER,1999-05-19,Fana-Brann 0-2,7c7ccc7d-eb76-444e-8ae1-47f646511ab0,"Mal mangler malscorer. Event #5, minutt 70, type ownGoal.",1999-05-19_fana-brann.json
WARNING,SUB_MISSING_SUB_ON,1985-06-26,Sola-Brann 0-1,7ecc68e8-f357-46e4-a69c-8e2f278ab598,"Bytte mangler subOn. Event #2, minutt None, type subApp.",1985-06-26_sola-brann.json
WARNING,SUB_MISSING_SUB_ON,1991-07-24,Viking-Brann 2-1,310725df-4f38-44fb-b28a-84821e4dcf1f,"Bytte mangler subOn. Event #3, minutt 84, type subApp.",1991-07-24_viking-brann.json
WARNING,SUB_MISSING_SUB_ON,1998-08-15,Rosenborg-Brann 4-2,c75a1046-d33e-50d8-aa8a-220e407e8371,"Bytte mangler subOn. Event #8, minutt 67, type subApp.",1998-08-15_rbk-brann.json
WARNING,SUB_MISSING_SUB_ON,1998-08-15,Rosenborg-Brann 4-2,c75a1046-d33e-50d8-aa8a-220e407e8371,"Bytte mangler subOn. Event #9, minutt 69, type subApp.",1998-08-15_rbk-brann.json
WARNING,SUB_MISSING_SUB_ON,1998-08-15,Rosenborg-Brann 4-2,c75a1046-d33e-50d8-aa8a-220e407e8371,"Bytte mangler subOn. Event #10, minutt 70, type subApp.",1998-08-15_rbk-brann.json
WARNING,SUB_MISSING_SUB_ON,1998-08-15,Rosenborg-Brann 4-2,c75a1046-d33e-50d8-aa8a-220e407e8371,"Bytte mangler subOn. Event #14, minutt 82, type subApp.",1998-08-15_rbk-brann.json
WARNING,SUB_MISSING_SUB_OFF,1955-09-18,Brann-Rapid 1-3,u548ocwktfdShAy5Kiez4a,"Bytte mangler subOff. Event #4, minutt None, type subApp.",1955-09-18_brann-rapid.json
WARNING,SUB_MISSING_SUB_OFF,1959-05-07,Brann-Sandefjord BK 1-1,u548ocwktfdShAy5KidZJw,"Bytte mangler subOff. Event #2, minutt None, type subApp.",1959-05-07_brann-sandefjord-bk.json
WARNING,SUB_MISSING_SUB_OFF,1968-05-30,Brann-Ny-Krohnborg 3-1,6dc26ab8-c454-4f33-8885-baddd6a8d03d,"Bytte mangler subOff. Event #3, minutt 65, type subApp.",1968-05-30_brann-ny-krohnborg.json
WARNING,SUB_MISSING_SUB_OFF,1969-06-25,Brann-Bjarg 5-0,2d9e6a65-29d9-4832-9f22-3a0ef76b3664,"Bytte mangler subOff. Event #5, minutt None, type subApp.",1969-06-25_brann-bjarg.json
WARNING,SUB_MISSING_SUB_OFF,1969-06-25,Brann-Bjarg 5-0,2d9e6a65-29d9-4832-9f22-3a0ef76b3664,"Bytte mangler subOff. Event #6, minutt None, type subApp.",1969-06-25_brann-bjarg.json
WARNING,SUB_MISSING_SUB_OFF,1969-07-04,Haugar-Brann 1-1,fd55722f-238d-4838-8166-1a46971fc4ee,"Bytte mangler subOff. Event #2, minutt None, type subApp.",1969-07-04_haugar-brann.json
WARNING,SUB_MISSING_SUB_OFF,1969-07-04,Haugar-Brann 1-1,fd55722f-238d-4838-8166-1a46971fc4ee,"Bytte mangler subOff. Event #3, minutt None, type subApp.",1969-07-04_haugar-brann.json
WARNING,SUB_MISSING_SUB_OFF,1969-07-09,Brann-Haugar 1-0,1769880e-17bc-4fc1-b5dc-a2f132ee02af,"Bytte mangler subOff. Event #2, minutt 46, type subApp.",1969-07-09_brann-haugar.json
WARNING,SUB_MISSING_SUB_OFF,1969-10-19,Brann-Strømsgodset 2-1,30be11b0-7345-5bf2-92fd-5a9cdde28af8,"Bytte mangler subOff. Event #3, minutt None, type subApp.",1969-10-19_brann-stromsgodset.json
WARNING,SUB_MISSING_SUB_OFF,1970-06-05,Brann-Florvåg 2-1,e6c53790-ea49-4d50-b41a-67f848d64419,"Bytte mangler subOff. Event #3, minutt None, type subApp.",1970-06-05_brann-florvag.json
WARNING,SUB_MISSING_SUB_OFF,1970-06-05,Brann-Florvåg 2-1,e6c53790-ea49-4d50-b41a-67f848d64419,"Bytte mangler subOff. Event #4, minutt None, type subApp.",1970-06-05_brann-florvag.json
WARNING,SUB_MISSING_SUB_OFF,1970-06-26,Arna-Brann 2-6,85db46f5-f3da-4586-9589-0ee8da42f2fe,"Bytte mangler subOff. Event #9, minutt None, type subApp.",1970-06-26_arna-brann.json
WARNING,SUB_MISSING_SUB_OFF,1970-08-27,Bryne-Brann 0-3,65d9e825-793f-4ac9-bee8-0279aca8b5a4,"Bytte mangler subOff. Event #0, minutt None, type subApp.",1970-08-27_bryne-brann.json
WARNING,SUB_MISSING_SUB_OFF,1972-06-01,Brann-Bjarg 3-1,57b9278b-65ad-4b3e-9c70-7264e0f2bf1c,"Bytte mangler subOff. Event #4, minutt None, type subApp.",1972-06-01_brann-bjarg.json
WARNING,SUB_MISSING_SUB_OFF,1972-06-22,Baune-Brann 1-4,554c64ac-88d9-4864-9ed3-7b780258ad09,"Bytte mangler subOff. Event #5, minutt None, type subApp.",1972-06-22_baune-brann.json
WARNING,SUB_MISSING_SUB_OFF,1972-06-22,Baune-Brann 1-4,554c64ac-88d9-4864-9ed3-7b780258ad09,"Bytte mangler subOff. Event #6, minutt None, type subApp.",1972-06-22_baune-brann.json
WARNING,SUB_MISSING_SUB_OFF,1972-07-09,Odda-Brann 0-4,be89e26c-b5c8-4568-b899-6dea717dde21,"Bytte mangler subOff. Event #3, minutt None, type subApp.",1972-07-09_odda-brann.json
WARNING,SUB_MISSING_SUB_OFF,1972-07-09,Odda-Brann 0-4,be89e26c-b5c8-4568-b899-6dea717dde21,"Bytte mangler subOff. Event #5, minutt None, type subApp.",1972-07-09_odda-brann.json
WARNING,SUB_MISSING_SUB_OFF,1972-09-03,Brann-Bryne 2-1,6c80deb3-f6d7-4402-ad36-9639ec233e8f,"Bytte mangler subOff. Event #3, minutt None, type subApp.",1972-09-03_brann-bryne.json
WARNING,SUB_MISSING_SUB_OFF,1973-05-31,Arna-Brann 1-4,9ad49f74-8e1e-447c-8398-c57a499662e3,"Bytte mangler subOff. Event #6, minutt None, type subApp.",1973-05-31_arna-brann.json
WARNING,SUB_MISSING_SUB_OFF,1974-05-30,Brann-Sogndal 5-1,5b8f4415-3b5f-470f-8630-b9efa25415f7,"Bytte mangler subOff. Event #0, minutt None, type subApp.",1974-05-30_brann-sogndal.json
WARNING,SUB_MISSING_SUB_OFF,1974-05-30,Brann-Sogndal 5-1,5b8f4415-3b5f-470f-8630-b9efa25415f7,"Bytte mangler subOff. Event #1, minutt None, type subApp.",1974-05-30_brann-sogndal.json
WARNING,SUB_MISSING_SUB_OFF,1974-06-20,Erdal-Brann 0-3,2f318364-db1d-4877-b12a-48aa8b59a648,"Bytte mangler subOff. Event #3, minutt 60, type subApp.",1974-06-20_erdal-brann.json
WARNING,SUB_MISSING_SUB_OFF,1974-07-01,Brann-Ny-Krohnborg 4-0,bfdc18d8-77fd-467c-ba1f-07542b0bbf2b,"Bytte mangler subOff. Event #5, minutt None, type subApp.",1974-07-01_brann-ny-krohnborg.json
WARNING,SUB_MISSING_SUB_OFF,1975-06-11,Jotun-Brann 0-3,78b1fbc3-5397-4fab-a2a3-32e8dd251c1f,"Bytte mangler subOff. Event #3, minutt None, type subApp.",1975-06-11_jotun-brann.json
WARNING,SUB_MISSING_SUB_OFF,1975-06-11,Jotun-Brann 0-3,78b1fbc3-5397-4fab-a2a3-32e8dd251c1f,"Bytte mangler subOff. Event #4, minutt None, type subApp.",1975-06-11_jotun-brann.json
WARNING,SUB_MISSING_SUB_OFF,1978-08-23,Nessegutten-Brann 0-2,aee98f9e-25f1-4c1b-a1e1-e2b7984bebad,"Bytte mangler subOff. Event #4, minutt None, type subApp.",1978-08-23_nessegutten-brann.json
WARNING,SUB_MISSING_SUB_OFF,1982-08-02,Brann-Vidar 3-1,94a5dfab-73e6-418f-b6c2-f4bc50f7b5f7,"Bytte mangler subOff. Event #4, minutt 65, type subApp.",1982-08-02_brann-vidar.json
WARNING,SUB_MISSING_SUB_OFF,1982-08-02,Brann-Vidar 3-1,94a5dfab-73e6-418f-b6c2-f4bc50f7b5f7,"Bytte mangler subOff. Event #5, minutt None, type subApp.",1982-08-02_brann-vidar.json
WARNING,SUB_MISSING_SUB_OFF,1982-09-12,Brann-Sunndal 1-2,10c8d24f-5035-41ca-8596-dcd51f4e436f,"Bytte mangler subOff. Event #5, minutt None, type subApp.",1982-09-12_brann-sunndal.json
WARNING,SUB_MISSING_SUB_OFF,1984-05-16,Brann-Vidar 1-1,1ee9ac5c-2509-4273-9ad9-07d10da27ef9,"Bytte mangler subOff. Event #3, minutt 75, type subApp.",1984-05-16_brann-vidar.json
WARNING,SUB_MISSING_SUB_OFF,1984-08-01,Mjølner-Brann 0-3,c793a189-62ad-4a7f-90af-4357ac37399a,"Bytte mangler subOff. Event #5, minutt None, type subApp.",1984-08-01_mjolner-brann.json
WARNING,SUB_MISSING_SUB_OFF,1985-06-26,Sola-Brann 0-1,7ecc68e8-f357-46e4-a69c-8e2f278ab598,"Bytte mangler subOff. Event #2, minutt None, type subApp.",1985-06-26_sola-brann.json
WARNING,SUB_MISSING_SUB_OFF,1987-06-27,Brann-Molde 0-2,90aa612e-8465-55ba-9edd-a2166029d502,"Bytte mangler subOff. Event #3, minutt 79, type subApp.",1987-06-27_brann-molde.json
WARNING,SUB_MISSING_SUB_OFF,1991-07-24,Viking-Brann 2-1,310725df-4f38-44fb-b28a-84821e4dcf1f,"Bytte mangler subOff. Event #3, minutt 84, type subApp.",1991-07-24_viking-brann.json
WARNING,SUB_MISSING_SUB_OFF,1995-06-02,Hødd-Brann 1-0,f95389fb-8b7a-50ff-8bb6-e27c81f12c3f,"Bytte mangler subOff. Event #4, minutt 68, type subApp.",1995-06-02_hodd-brann.json
WARNING,SUB_MISSING_SUB_OFF,1997-06-29,Brann-Rosenborg 1-2,5248f78e-8ccc-52c7-9128-1246d05749a3,"Bytte mangler subOff. Event #10, minutt 89, type subApp.",1997-06-29_brann-rbk.json
WARNING,SUB_MISSING_SUB_OFF,1998-08-15,Rosenborg-Brann 4-2,c75a1046-d33e-50d8-aa8a-220e407e8371,"Bytte mangler subOff. Event #7, minutt 66, type subApp.",1998-08-15_rbk-brann.json
WARNING,SUB_MISSING_SUB_OFF,1998-08-15,Rosenborg-Brann 4-2,c75a1046-d33e-50d8-aa8a-220e407e8371,"Bytte mangler subOff. Event #10, minutt 70, type subApp.",1998-08-15_rbk-brann.json
WARNING,SUB_MISSING_SUB_OFF,1998-08-15,Rosenborg-Brann 4-2,c75a1046-d33e-50d8-aa8a-220e407e8371,"Bytte mangler subOff. Event #15, minutt 83, type subApp.",1998-08-15_rbk-brann.json
